dur,proto,service,state,spkts,dpkts,sbytes,dbytes,rate,sttl,dttl,sload,dload,sloss,dloss,sinpkt,dinpkt,sjit,djit,swin,stcpb,dtcpb,dwin,tcprtt,synack,ackdat,smean,dmean,trans_depth,response_body_len,ct_srv_src,ct_state_ttl,ct_dst_ltm,ct_src_dport_ltm,ct_dst_sport_ltm,ct_dst_src_ltm,is_ftp_login,ct_ftp_cmd,ct_flw_http_mthd,ct_src_ltm,ct_srv_dst,is_sm_ips_ports,label
63.943,2.501,27.503,22.321,73.647,67.67,89.218,8.694,42.192,2.98,21.864,50.536,2.654,19.884,64.988,54.494,22.044,58.927,80.943,0.65,80.582,69.814,34.025,15.548,95.721,33.659,9.275,9.672,84.749,60.373,80.713,72.973,53.623,97.312,37.853,55.204,82.94,61.852,86.171,57.735,70.457,4.582,0
22.79,28.939,7.979,23.279,10.1,27.797,63.568,36.483,37.018,20.951,26.698,93.665,64.804,60.913,17.114,72.913,16.34,37.946,98.952,64.0,55.695,68.461,84.285,77.6,22.905,3.21,31.545,26.774,21.098,94.291,87.637,31.468,65.544,39.563,91.455,45.885,26.488,24.663,56.137,26.274,58.459,89.782,1
39.94,21.932,99.754,50.953,9.091,4.712,10.965,62.745,79.208,42.216,6.353,38.162,99.612,52.911,97.108,86.078,1.148,72.072,68.171,53.697,26.683,64.096,11.155,43.477,45.372,95.382,87.585,26.339,50.059,17.865,91.263,87.052,29.844,63.895,60.897,15.284,76.251,53.938,77.863,53.035,0.057,32.416,0
1.948,92.91,87.872,83.167,30.751,5.793,87.801,94.695,8.565,48.599,6.921,76.06,76.583,12.839,47.528,54.98,26.506,87.243,42.314,21.18,53.93,72.993,20.115,31.172,99.515,64.988,43.81,51.758,12.1,22.47,33.809,58.831,23.011,22.022,7.099,63.11,22.894,90.542,85.964,7.086,23.8,66.898,1
21.424,13.231,93.551,57.104,47.267,78.462,80.75,19.041,9.693,43.105,42.358,46.702,72.908,67.336,98.417,9.842,40.262,33.93,86.167,24.866,19.021,44.861,42.188,27.855,24.981,92.327,44.313,86.135,55.033,5.059,99.928,83.603,96.9,92.637,84.87,16.631,48.564,21.375,40.104,5.864,37.897,98.531,0
26.52,78.407,45.501,42.301,95.732,99.542,55.577,71.841,15.48,29.671,96.871,57.918,54.22,74.798,5.717,58.418,50.285,85.272,15.743,96.078,8.011,18.582,59.504,67.521,23.52,11.989,89.029,24.622,59.452,61.938,41.922,58.367,52.278,93.471,20.426,71.619,23.869,39.579,67.169,30.0,31.618,75.186,1
7.254,45.829,99.845,99.61,7.326,21.315,26.52,93.326,88.086,87.927,36.953,15.775,83.374,70.354,61.168,98.723,65.398,0.782,81.71,29.938,66.339,93.893,13.429,11.543,10.704,55.322,27.235,60.483,71.761,20.36,63.424,26.398,48.853,90.534,84.61,9.23,42.358,27.668,0.355,77.112,63.711,26.196,0
74.123,55.168,42.769,0.967,7.524,88.311,90.393,54.559,83.46,58.251,14.809,12.745,30.826,89.898,79.612,86.07,89.892,21.008,24.953,10.279,78.012,88.413,40.638,62.066,15.455,92.988,86.461,97.621,81.077,88.142,2.479,73.656,33.219,93.082,80.224,86.406,81.075,26.681,78.737,10.81,87.217,85.859,1
22.243,81.659,46.03,30.519,79.535,22.76,2.366,19.313,32.826,86.435,96.689,27.912,64.148,39.968,98.115,53.622,93.924,11.534,97.04,17.857,96.253,26.547,10.84,43.456,72.855,31.368,60.621,51.142,38.52,57.659,25.472,70.879,0.169,92.558,53.845,71.943,74.195,67.063,36.422,6.997,66.424,33.02,0
31.392,84.802,71.975,30.032,30.928,40.839,40.24,29.566,12.729,42.045,94.036,67.732,90.281,61.551,30.095,54.794,0.041,28.691,42.989,57.998,65.471,46.499,44.216,21.37,47.319,90.118,79.602,16.969,8.48,51.545,63.294,33.519,81.842,75.114,67.28,22.464,19.913,2.443,24.484,47.514,84.974,7.283,1
41.444,62.977,19.444,69.635,49.438,24.398,65.606,0.554,75.096,77.005,10.659,42.515,17.589,95.797,51.796,5.022,24.92,84.834,45.646,80.142,66.758,98.789,59.545,95.004,89.143,61.265,71.927,50.478,83.057,54.787,89.721,74.366,47.467,25.919,24.724,63.766,76.581,52.13,62.675,27.46,7.748,28.573,0
27.172,31.971,54.015,13.837,23.126,69.395,70.642,6.423,40.76,54.261,41.577,20.683,42.014,90.484,58.408,69.552,85.673,76.559,38.038,0.59,35.176,75.348,85.345,95.343,41.902,74.752,54.613,60.325,22.054,21.942,43.584,2.902,33.613,67.914,40.432,16.504,46.739,12.763,62.226,2.697,39.402,56.439,1
2.71,64.275,13.57,46.17,5.028,37.91,21.166,32.685,76.123,37.913,75.201,83.192,25.227,8.191,1.938,53.942,99.991,34.996,65.014,78.123,65.175,75.423,94.961,19.936,2.038,15.238,12.622,66.946,56.397,21.796,69.946,76.69,16.779,60.725,74.793,11.453,81.93,96.472,10.81,2.568,31.196,67.735,0
95.817,39.665,71.501,7.6,69.061,62.724,10.19,77.248,85.029,60.041,12.106,98.384,78.264,34.72,42.838,37.057,50.596,34.123,84.958,82.233,10.554,96.079,63.559,82.871,70.731,43.549,73.38,96.547,27.008,80.82,53.817,48.35,43.557,73.103,26.84,85.171,83.073,8.666,88.163,24.386,46.471,61.033,1
37.899,2.87,85.095,18.184,21.212,79.783,34.034,88.032,70.118,27.627,1.015,94.806,8.561,72.007,48.858,75.816,69.061,64.59,49.082,79.293,9.305,22.16,69.179,30.621,58.156,47.326,53.092,42.55,74.594,33.079,70.285,27.092,25.14,12.066,19.258,11.955,53.586,76.219,18.515,21.638,48.42,72.459,0
97.661,52.464,28.3,10.053,19.412,22.748,17.944,1.415,53.414,27.431,97.429,55.336,69.742,12.628,86.846,49.088,87.272,57.406,46.94,44.047,18.436,5.138,94.106,47.773,82.212,40.071,7.408,62.945,5.361,14.92,56.284,30.384,99.392,11.845,76.444,60.632,79.074,22.569,52.257,45.051,44.272,86.017,1
99.003,30.538,62.103,60.963,74.009,94.759,20.779,21.103,66.043,15.706,17.381,7.506,0.268,45.05,59.381,29.126,23.148,70.696,70.299,45.403,68.738,92.391,78.783,62.506,66.118,93.367,42.514,54.456,64.763,90.841,82.663,7.141,16.592,30.761,74.896,56.921,28.861,12.435,68.868,69.973,94.268,50.047,0
49.38,8.044,3.986,43.203,32.232,25.037,9.133,96.191,83.596,57.52,95.079,99.957,67.228,26.951,4.023,75.627,47.05,65.151,91.607,18.149,58.533,63.478,49.173,9.124,34.796,33.331,67.013,85.773,32.98,69.367,28.822,94.519,81.357,55.01,45.483,31.452,32.327,97.018,40.418,51.46,98.812,65.766,1
54.259,41.325,18.758,36.178,75.644,62.541,75.999,20.356,54.922,92.767,43.812,69.825,12.143,97.315,60.887,23.93,15.838,55.084,55.225,9.321,99.226,91.293,46.145,11.747,83.214,49.838,71.66,50.887,27.342,83.472,98.024,24.373,55.127,38.359,92.187,50.824,87.933,86.403,27.625,79.001,41.494,93.425,0
50.774,82.055,28.284,29.856,58.694,99.89,48.964,14.86,53.858,34.512,55.192,54.343,45.534,32.178,18.865,69.75,57.18,23.356,77.554,4.365,74.471,70.523,81.141,38.608,66.369,82.075,98.082,49.533,3.702,50.229,59.018,86.97,87.419,44.031,52.595,45.693,72.244,40.998,65.478,15.436,46.949,96.92,1
33.856,69.27,64.984,85.177,85.234,85.934,38.001,31.666,71.872,75.94,87.238,3.59,6.842,63.116,92.093,99.743,74.677,43.397,9.844,63.375,87.258,44.368,69.4,90.342,4.599,79.614,29.337,37.484,14.557,53.117,56.593,79.252,16.998,7.897,87.084,61.971,24.083,91.283,14.312,46.115,25.398,25.533,0
0.94,80.463,90.121,67.761,15.798,44.173,34.557,58.757,63.894,42.431,25.01,84.53,19.922,38.469,48.321,23.721,57.192,57.481,99.269,29.523,97.794,65.823,27.448,56.593,68.58,74.467,4.904,60.641,49.673,90.416,28.619,79.886,60.706,35.232,63.662,62.089,67.776,72.093,65.918,83.834,62.825,90.34,1
64.634,30.893,44.082,57.957,73.236,9.013,29.511,74.748,17.564,13.216,53.941,97.149,53.085,91.349,83.047,25.697,82.469,48.185,80.649,74.656,33.872,11.517,96.289,14.076,96.65,86.014,72.422,97.994,96.727,80.459,36.578,79.068,1.392,53.657,45.479,67.283,67.234,58.456,82.242,94.029,10.835,23.382,0
2.502,88.423,56.141,91.526,22.137,6.322,82.386,90.939,30.219,40.83,13.978,94.626,30.436,49.262,9.719,88.726,13.566,45.364,67.049,74.314,94.597,41.913,74.227,15.452,41.488,9.902,48.935,40.812,95.152,3.272,37.053,44.338,95.056,85.545,9.935,68.568,54.447,97.784,35.867,39.814,18.981,12.216,1
84.803,45.472,66.277,64.17,59.715,2.136,78.679,24.357,12.592,56.458,6.861,76.516,20.716,21.595,86.97,32.856,14.755,90.053,0.284,85.841,14.469,12.999,25.065,17.45,66.106,2.578,1.486,78.998,23.793,32.377,17.425,5.24,74.172,52.609,74.567,47.625,77.802,51.324,10.905,50.384,94.542,4.337,0
78.323,86.698,52.145,45.804,96.403,6.083,47.898,40.162,68.61,49.027,90.97,7.349,8.079,60.83,6.568,27.502,63.308,54.836,32.519,99.463,53.056,45.372,60.543,9.918,70.178,85.279,65.092,76.896,72.084,21.502,45.155,22.849,33.893,45.35,41.599,9.509,42.676,66.511,37.43,15.264,92.299,6.713,1
83.177,9.323,9.656,73.88,81.177,55.637,58.647,56.159,32.965,12.223,35.36,66.534,75.028,86.809,72.106,96.84,60.041,35.165,57.792,21.274,65.674,22.424,10.822,84.537,36.756,76.261,57.41,80.722,84.516,97.455,81.843,61.357,64.27,2.625,92.908,82.946,26.745,18.042,70.27,30.898,33.982,0.611,0
86.986,56.632,40.078,14.187,63.317,3.066,74.611,21.513,41.983,34.09,37.005,72.16,77.684,56.759,8.496,5.261,15.741,61.784,67.397,27.21,66.194,48.566,44.204,27.317,75.494,11.382,42.991,28.325,67.849,48.663,66.713,4.542,39.526,59.932,0.769,30.142,21.123,13.723,25.552,32.812,0.773,74.701,1
17.569,38.021,70.367,50.026,83.335,80.62,7.208,86.176,4.23,1.874,92.116,86.211,57.576,57.34,70.95,41.769,11.517,2.086,32.477,80.132,61.813,83.203,91.977,8.813,84.448,24.332,58.887,52.396,39.577,31.027,33.951,33.307,16.813,51.048,11.403,50.995,90.592,34.938,72.738,81.895,81.504,23.627,0
14.644,19.727,60.24,76.022,65.551,17.715,77.285,49.412,75.445,75.988,44.891,92.415,56.449,63.53,62.452,86.425,62.722,15.096,6.829,44.221,30.282,27.467,5.617,50.734,31.041,45.191,5.689,83.17,7.673,86.425,85.529,61.501,50.707,46.271,55.432,79.182,89.588,44.973,80.982,65.184,32.153,47.563,1
15.086,6.187,10.35,89.913,34.344,71.432,50.455,17.256,24.774,43.776,43.942,52.275,15.875,37.285,28.289,40.877,33.837,59.789,78.923,64.731,6.591,9.451,67.838,28.415,72.373,65.656,90.634,87.328,33.336,58.274,14.143,34.982,96.77,69.848,39.196,59.504,93.8,30.958,37.668,79.166,81.318,67.012,0
82.896,73.877,68.541,52.639,64.602,42.341,36.183,36.26,18.026,21.419,94.767,48.627,22.654,13.757,7.717,84.443,10.114,77.087,83.512,88.368,3.775,33.676,76.631,13.105,37.672,16.225,83.135,77.11,80.904,16.554,43.767,41.086,67.636,23.753,44.42,28.493,74.854,44.893,53.401,30.947,80.862,46.902,1
83.511,36.784,94.713,98.444,46.168,28.177,38.187,52.746,96.627,81.689,80.126,13.84,25.0,64.118,87.412,55.454,10.259,84.589,85.117,28.506,76.312,27.279,90.531,14.735,43.747,94.641,22.204,45.113,34.959,2.667,5.326,50.201,23.578,99.453,37.491,2.819,93.083,83.918,64.996,79.138,13.76,28.688,0
82.976,69.607,13.879,70.554,44.86,0.525,7.923,25.592,83.496,54.88,72.723,52.777,11.119,28.81,30.115,4.775,41.983,79.39,45.711,11.086,90.515,59.674,1.644,51.538,24.194,14.358,42.924,61.481,24.056,41.657,66.437,8.561,97.465,6.768,52.606,50.733,98.833,55.415,39.045,47.014,63.567,98.104,1
25.365,1.624,78.852,34.48,73.294,62.826,77.15,73.519,33.252,4.434,54.601,81.351,17.509,77.914,46.462,69.539,63.174,81.15,6.31,77.619,45.768,29.344,4.381,19.947,4.191,93.337,51.538,98.912,54.303,25.331,75.329,19.11,35.697,78.084,86.58,33.192,12.448,36.802,88.949,74.331,89.464,38.664,0
97.372,49.62,49.752,92.431,51.928,80.115,72.708,7.893,60.245,82.234,54.547,32.121,8.007,66.092,30.65,60.262,42.612,68.976,35.155,4.236,87.004,35.256,99.815,27.456,98.003,94.79,7.504,63.751,36.331,80.11,67.941,95.279,14.278,60.757,78.131,3.48,6.723,77.852,36.633,38.285,56.724,60.509,1
67.906,94.882,37.201,76.308,57.392,52.946,39.803,64.956,24.961,11.345,73.567,49.904,38.699,56.167,26.178,26.029,44.627,99.637,28.558,91.648,49.12,12.264,85.283,45.204,89.868,44.511,8.779,68.193,84.552,31.959,34.743,6.494,54.217,89.133,85.136,71.181,92.732,63.77,79.37,50.876,12.136,20.098,0
13.888,79.037,2.628,55.402,36.891,80.366,55.165,61.195,8.622,30.929,99.96,71.887,52.57,76.916,82.334,7.375,97.238,64.234,44.997,68.011,34.451,87.796,78.026,63.979,18.196,96.626,43.262,91.071,5.541,12.416,15.302,16.466,32.266,70.933,34.602,94.09,89.493,84.593,25.061,63.506,55.084,12.517,1
30.282,53.348,50.257,16.864,94.161,15.419,65.873,72.063,60.514,84.253,56.362,82.524,2.837,4.546,64.145,57.677,65.113,76.696,41.659,63.899,49.804,62.716,28.967,95.665,48.294,80.469,68.499,29.743,7.297,5.991,43.961,48.425,20.402,60.666,31.258,71.836,73.42,86.078,97.537,13.077,37.054,56.165,0
31.912,46.647,26.747,24.792,9.681,29.021,38.415,61.538,24.827,86.531,15.97,32.744,57.769,31.271,76.312,49.827,51.472,49.876,30.854,2.318,94.523,50.544,96.669,21.514,35.29,5.054,49.489,88.234,65.426,47.059,53.669,84.717,43.093,88.246,72.751,76.386,36.594,40.058,57.028,19.466,55.322,7.353,1
